[
    { "title": "Universal Time Coordinated", "timezone": "UTC" },
    { "title": "Indian Standard Time", "timezone": "Asia/Kolkata" },
    { "title": "New York City", "timezone": "America/New_York" },
    { "title": "Los Angeles", "timezone": "America/Los_Angeles" },
    { "title": "London", "timezone": "Europe/London" },
    { "title": "Tokyo", "timezone": "Asia/Tokyo" },
    { "title": "Sydney", "timezone": "Australia/Sydney" },
    { "title": "Moscow", "timezone": "Europe/Moscow" },
    { "title": "Dubai", "timezone": "Asia/Dubai" },
    { "title": "Singapore", "timezone": "Asia/Singapore" },
    { "title": "Hong Kong", "timezone": "Asia/Hong_Kong" },
    { "title": "Berlin", "timezone": "Europe/Berlin" },
    { "title": "Paris", "timezone": "Europe/Paris" },
    { "title": "Mexico City", "timezone": "America/Mexico_City" },
    { "title": "Toronto", "timezone": "America/Toronto" },
    { "title": "Beijing", "timezone": "Asia/Shanghai" },
    { "title": "Seoul", "timezone": "Asia/Seoul" },
    { "title": "Johannesburg", "timezone": "Africa/Johannesburg" },
    { "title": "Buenos Aires", "timezone": "America/Argentina/Buenos_Aires" },
    { "title": "São Paulo", "timezone": "America/Sao_Paulo" },
    { "title": "Jakarta", "timezone": "Asia/Jakarta" },
    { "title": "Bangkok", "timezone": "Asia/Bangkok" },
    { "title": "Chicago", "timezone": "America/Chicago" },
    { "title": "Denver", "timezone": "America/Denver" },
    { "title": "Honolulu", "timezone": "Pacific/Honolulu" },
    { "title": "Vancouver", "timezone": "America/Vancouver" },
    { "title": "Buenos Aires", "timezone": "America/Argentina/Buenos_Aires" },
    { "title": "Santiago", "timezone": "America/Santiago" },
    { "title": "Lima", "timezone": "America/Lima" },
    { "title": "Cairo", "timezone": "Africa/Cairo" },
    { "title": "Cape Town", "timezone": "Africa/Johannesburg" },
    { "title": "Auckland", "timezone": "Pacific/Auckland" },
    { "title": "Manila", "timezone": "Asia/Manila" },
    { "title": "Bangkok", "timezone": "Asia/Bangkok" },
    { "title": "Tehran", "timezone": "Asia/Tehran" }
]